Node1,Node2
missourinewsus,pamela_moore13
pamela_moore13,rightnpr
pamela_moore13,realten_gop
pamela_moore13,ameliebaldwin
pamela_moore13,hyddrox
pamela_moore13,leroylovesusa
pamela_moore13,patriotblake
pamela_moore13,ten_gop
pamela_moore13,tpartynews
pamela_moore13,hollydler
pamela_moore13,kateritterrrr
pamela_moore13,finley1589
pamela_moore13,laurabaeley
pamela_moore13,paolakinck
pamela_moore13,pamela_moore13
pamela_moore13,march_for_trump
pamela_moore13,jacquelinisbest
pamela_moore13,rh0lbr00k
pamela_moore13,happkendrahappy
rightnpr,tpartynews
rightnpr,realten_gop
rightnpr,ten_gop
rightnpr,southlonestar
tpartynews,ten_gop
tpartynews,usa_gunslinger
tpartynews,realten_gop
tpartynews,southlonestar
tpartynews,ameliebaldwin
tpartynews,chesplayschess
tpartynews,finley1589
tpartynews,march_for_trump
tpartynews,tpartynews
ten_gop,ameliebaldwin
ten_gop,realten_gop
ten_gop,dorothiebell
ten_gop,southlonestar
ten_gop,ten_gop
ten_gop,finley1589
ten_gop,usa_gunslinger
ten_gop,kateritterrrr
ten_gop,carriethornthon
ten_gop,razvedchica_
ten_gop,march_for_trump
ten_gop,jeffreykahunas
ten_gop,karenparker93
ten_gop,cynthiamhunter
ten_gop,hyddrox
ten_gop,bocharnikov_v
ten_gop,cookncooks
ten_gop,rh0lbr00k
ten_gop,bigseanbeast
ten_gop,chesplayschess
ten_gop,wadeharriot
ten_gop,patriotblake
ten_gop,hollydler
ten_gop,donnabrivera
ten_gop,imaswerve
ten_gop,j0hnlarsen
ten_gop,wokefromday1
ten_gop,leroylovesusa
ten_gop,notballinyet
ten_gop,alexsvladimirov
ten_gop,laurabaeley
ten_gop,queennarielle
ten_gop,prettylaraplace
ten_gop,_nickluna_
ten_gop,drmichaelgarcia
ten_gop,garrettsimpson_
ten_gop,sovetnikstatski
ten_gop,boryabuchin
ten_gop,paolakinck
ten_gop,erofeenkoanton
ten_gop,cassishere
ten_gop,happkendrahappy
michellearry,cookncooks
michellearry,garrettsimpson_
michellearry,ryanmaxwell_1
michellearry,hollandpatrickk
michellearry,lazykstafford
michellearry,emileewaren
michellearry,mil0blake
michellearry,priceforpierce
michellearry,dorothiebell
michellearry,judelambertusa
michellearry,heyits_toby
michellearry,hollydler
michellearry,melanymelanin
michellearry,_nickluna_
michellearry,cassishere
michellearry,evagreen69
michellearry,jeannemccarthy0
michellearry,thefoundingson
michellearry,evewebster373
michellearry,traceyhappymom
michellearry,michellearry
michellearry,danageezus
michellearry,j0hnlarsen
michellearry,logan_whatsup
michellearry,leroylovesusa
michellearry,jeffreykahunas
michellearry,cynthiamhunter
michellearry,aldrich420
michellearry,c__wells
michellearry,patriotraphael
michellearry,laurabaeley
michellearry,micparrish
michellearry,kathiemrr
cookncooks,leroylovesusa
cookncooks,emileewaren
cookncooks,giselleevns
cookncooks,jeffreykahunas
cookncooks,hollandpatrickk
cookncooks,heyits_toby
cookncooks,jacquelinisbest
cookncooks,_nickluna_
cookncooks,cookncooks
cookncooks,mil0blake
cookncooks,priceforpierce
cookncooks,judelambertusa
cookncooks,laurabaeley
cookncooks,jeannemccarthy0
cookncooks,garrettsimpson_
cookncooks,dorothiebell
cookncooks,thefoundingson
kathiemrr,notritahart
kathiemrr,daileyjadon
kathiemrr,traceyhappymom
kathiemrr,jeannemccarthy0
kathiemrr,puredavie
kathiemrr,mr_clampin
kathiemrr,dominicvalent
kathiemrr,queenofthewo
kathiemrr,chrixmorgan
kathiemrr,giselleevns
kathiemrr,kathiemrr
kathiemrr,melvinsroberts
kathiemrr,jasper_fly
kathiemrr,cassieweltch
kathiemrr,thefoundingson
kathiemrr,danageezus
kathiemrr,priceforpierce
notritahart,mr_clampin
notritahart,queenofthewo
notritahart,cassieweltch
notritahart,thefoundingson
notritahart,melvinsroberts
notritahart,giselleevns
notritahart,notritahart
notritahart,traceyhappymom
notritahart,jasper_fly
notritahart,daileyjadon
notritahart,chrixmorgan
notritahart,ilikebigbuttand
notritahart,puredavie
notritahart,danageezus
puredavie,jasper_fly
puredavie,dominicvalent
puredavie,giselleevns
puredavie,lazykstafford
puredavie,daileyjadon
puredavie,queenofthewo
puredavie,melvinsroberts
puredavie,danageezus
puredavie,traceyhappymom
puredavie,mr_clampin
puredavie,bgarner2107
puredavie,cassieweltch
puredavie,jmscoxxx
puredavie,brightandglory
puredavie,puredavie
puredavie,thefoundingson
puredavie,jeannemccarthy0
jasper_fly,jasper_fly
jasper_fly,cassieweltch
jasper_fly,giselleevns
jasper_fly,melvinsroberts
jasper_fly,mil0blake
jasper_fly,daileyjadon
jasper_fly,chrixmorgan
jasper_fly,mr_clampin
jasper_fly,traceyhappymom
jasper_fly,patriotblake
jasper_fly,emileewaren
jasper_fly,lazykstafford
jasper_fly,queenofthewo
mr_clampin,queenofthewo
mr_clampin,daileyjadon
mr_clampin,mr_clampin
mr_clampin,cassieweltch
mr_clampin,melvinsroberts
mr_clampin,giselleevns
mr_clampin,traceyhappymom
mr_clampin,danageezus
mr_clampin,ilikebigbuttand
mr_clampin,dominicvalent
mr_clampin,jeannemccarthy0
mr_clampin,evagreen69
mr_clampin,charlesjharper
melvinsroberts,cassieweltch
melvinsroberts,giselleevns
melvinsroberts,queenofthewo
melvinsroberts,daileyjadon
melvinsroberts,curtisbigman
melvinsroberts,traceyhappymom
melvinsroberts,abigailssilk
melvinsroberts,hipppo_
melvinsroberts,danageezus
melvinsroberts,thefoundingson
melvinsroberts,melvinsroberts
melvinsroberts,adrienne_gg
melvinsroberts,aiden7757
melvinsroberts,charlesjharper
melvinsroberts,cascaseyp
melvinsroberts,dannythehappies
melvinsroberts,heyheyhailey
cassieweltch,queenofthewo
cassieweltch,traceyhappymom
cassieweltch,daileyjadon
cassieweltch,giselleevns
cassieweltch,chrixmorgan
cassieweltch,brightandglory
cassieweltch,cassieweltch
cassieweltch,jeannemccarthy0
cassieweltch,dominicvalent
cassieweltch,thefoundingson
cassieweltch,johnbranchh
cassieweltch,danageezus
ameliebaldwin,thefoundingson
ameliebaldwin,jenn_abrams
ameliebaldwin,usa_gunslinger
realten_gop,realten_gop
realten_gop,usa_gunslinger
dominicvalent,giselleevns
dominicvalent,chrixmorgan
dominicvalent,donnielmiller
dominicvalent,daileyjadon
dominicvalent,bruciedublin
dominicvalent,hellieedwards
dominicvalent,meggieoneil
giselleevns,chrixmorgan
giselleevns,daileyjadon
giselleevns,giselleevns
giselleevns,traceyhappymom
giselleevns,danageezus
giselleevns,dickyirwin
giselleevns,brightandglory
giselleevns,jacquelinisbest
giselleevns,loragreeen
giselleevns,queenofthewo
giselleevns,kencannone
giselleevns,dorothiebell
giselleevns,gab1aldana
giselleevns,worldofhashtags
giselleevns,heyits_toby
giselleevns,aldrich420
giselleevns,thefoundingson
giselleevns,hollandpatrickk
giselleevns,dannythehappies
giselleevns,curtisbigman
giselleevns,wadeharriot
giselleevns,_nickluna_
queenofthewo,traceyhappymom
queenofthewo,daileyjadon
queenofthewo,queenofthewo
queenofthewo,gab1aldana
queenofthewo,jeannemccarthy0
queenofthewo,hellieedwards
queenofthewo,thefoundingson
queenofthewo,chrixmorgan
leroylovesusa,jeffreykahunas
leroylovesusa,dorothiebell
leroylovesusa,stanley_cox_
leroylovesusa,_nickluna_
leroylovesusa,laurabaeley
leroylovesusa,hollandpatrickk
leroylovesusa,priceforpierce
leroylovesusa,heyits_toby
leroylovesusa,c__wells
leroylovesusa,jacquelinisbest
leroylovesusa,lazykstafford
leroylovesusa,mil0blake
leroylovesusa,ryanmaxwell_1
leroylovesusa,evagreen69
leroylovesusa,leroylovesusa
leroylovesusa,patriotblake
leroylovesusa,patriotraphael
leroylovesusa,melanymelanin
leroylovesusa,emileewaren
leroylovesusa,deusxyx
leroylovesusa,judelambertusa
leroylovesusa,westernwindwes
leroylovesusa,jeannemccarthy0
leroylovesusa,garrettsimpson_
jeffreykahunas,_nickluna_
jeffreykahunas,laurabaeley
jeffreykahunas,chesplayschess
jeffreykahunas,rh0lbr00k
jeffreykahunas,logan_whatsup
jeffreykahunas,lazykstafford
jeffreykahunas,garrettsimpson_
jeffreykahunas,patriotraphael
jeffreykahunas,heyits_toby
jeffreykahunas,emileewaren
jeffreykahunas,judelambertusa
jeffreykahunas,c__wells
jeffreykahunas,mil0blake
jeffreykahunas,ryanmaxwell_1
jeffreykahunas,aldrich420
jeffreykahunas,jeffreykahunas
jeffreykahunas,carriethornthon
jeffreykahunas,patriotblake
jeffreykahunas,hollandpatrickk
jeffreykahunas,paolakinck
jeffreykahunas,evagreen69
jeffreykahunas,marissaimstrong
judelambertusa,dorothiebell
judelambertusa,c__wells
judelambertusa,patriotblake
judelambertusa,heyits_toby
judelambertusa,laurabaeley
judelambertusa,ryanmaxwell_1
judelambertusa,hollandpatrickk
judelambertusa,garrettsimpson_
judelambertusa,_nickluna_
judelambertusa,jeannemccarthy0
judelambertusa,johnbranchh
judelambertusa,judelambertusa
judelambertusa,emileewaren
judelambertusa,evagreen69
judelambertusa,jacquelinisbest
judelambertusa,mil0blake
judelambertusa,wadeharriot
judelambertusa,_billy_moyer_
dorothiebell,evagreen69
dorothiebell,stanley_cox_
dorothiebell,lazykstafford
dorothiebell,jacquelinisbest
dorothiebell,cynthiamhunter
dorothiebell,laurabaeley
dorothiebell,emileewaren
dorothiebell,westernwindwes
dorothiebell,pati_cooper
dorothiebell,hollandpatrickk
dorothiebell,priceforpierce
dorothiebell,hyddrox
dorothiebell,heyits_toby
dorothiebell,dorothiebell
dorothiebell,patriotraphael
dorothiebell,mil0blake
dorothiebell,_nickluna_
dorothiebell,garrettsimpson_
chrixmorgan,dannythehappies
chrixmorgan,adrienne_gg
chrixmorgan,jmscoxxx
chrixmorgan,kencannone
chrixmorgan,holycrapchrix
chrixmorgan,worldofhashtags
chrixmorgan,danageezus
chrixmorgan,ilikebigbuttand
chrixmorgan,loragreeen
chrixmorgan,amandavgreen
chrixmorgan,cascaseyp
chrixmorgan,catelinewatkins
chrixmorgan,gab1aldana
chrixmorgan,brightandglory
chrixmorgan,traceyhappymom
chrixmorgan,hellieedwards
chrixmorgan,dickyirwin
chrixmorgan,heyheyhailey
usa_gunslinger,prettylaraplace
usa_gunslinger,happkendrahappy
usa_gunslinger,rh0lbr00k
usa_gunslinger,march_for_trump
gloed_up,gloed_up
gloed_up,blacktolive
gloed_up,bleepthepolice
gloed_up,trayneshacole
gloed_up,internalmemer
gloed_up,thefoundingson
gloed_up,melanymelanin
dannythehappies,danageezus
dannythehappies,worldofhashtags
emileewaren,emileewaren
emileewaren,happkendrahappy
emileewaren,heyits_toby
emileewaren,_nickluna_
emileewaren,mil0blake
emileewaren,lazykstafford
emileewaren,evagreen69
emileewaren,garrettsimpson_
emileewaren,c__wells
emileewaren,hollandpatrickk
emileewaren,ryanmaxwell_1
emileewaren,jacquelinisbest
emileewaren,jeannemccarthy0
emileewaren,deusxyx
emileewaren,laurabaeley
daileyjadon,traceyhappymom
daileyjadon,daileyjadon
daileyjadon,thefoundingson
daileyjadon,hellieedwards
daileyjadon,evagreen69
daileyjadon,lazykstafford
daileyjadon,jeannemccarthy0
daileyjadon,gab1aldana
daileyjadon,mil0blake
_nickluna_,_nickluna_
_nickluna_,garrettsimpson_
_nickluna_,jeannemccarthy0
_nickluna_,priceforpierce
_nickluna_,ryanmaxwell_1
_nickluna_,c__wells
_nickluna_,mil0blake
_nickluna_,evagreen69
_nickluna_,patriotraphael
_nickluna_,logan_whatsup
_nickluna_,patriotblake
_nickluna_,hollandpatrickk
_nickluna_,marissaimstrong
_nickluna_,stanley_cox_
_nickluna_,heyits_toby
_nickluna_,lazykstafford
_nickluna_,laurabaeley
_nickluna_,melanymelanin
lazykstafford,laurabaeley
lazykstafford,danny_turner_1
lazykstafford,priceforpierce
lazykstafford,garrettsimpson_
lazykstafford,mil0blake
lazykstafford,hollandpatrickk
lazykstafford,ryanmaxwell_1
lazykstafford,colbyst1
lazykstafford,hollydler
lazykstafford,_billy_moyer_
lazykstafford,gab1aldana
lazykstafford,patriotblake
lazykstafford,j0hnlarsen
lazykstafford,jeannemccarthy0
lazykstafford,heyits_toby
lazykstafford,logan_whatsup
lazykstafford,thefoundingson
lazykstafford,micparrish
southlonestar,hyddrox
southlonestar,march_for_trump
southlonestar,prettylaraplace
blacktolive,blacktolive
blacktolive,brianthelifter
blacktolive,nojonathonno
blacktolive,ramonasnails
blacktolive,melanymelanin
traceyhappymom,danageezus
traceyhappymom,ilikebigbuttand
traceyhappymom,traceyhappymom
garrettsimpson_,jeannemccarthy0
garrettsimpson_,laurabaeley
garrettsimpson_,westernwindwes
garrettsimpson_,mil0blake
garrettsimpson_,evagreen69
garrettsimpson_,garrettsimpson_
garrettsimpson_,heyits_toby
garrettsimpson_,c__wells
garrettsimpson_,hollandpatrickk
garrettsimpson_,jacquelinisbest
garrettsimpson_,patriotblake
garrettsimpson_,priceforpierce
garrettsimpson_,ryanmaxwell_1
garrettsimpson_,patriotraphael
ryanmaxwell_1,jacquelinisbest
ryanmaxwell_1,hollandpatrickk
ryanmaxwell_1,priceforpierce
ryanmaxwell_1,evagreen69
ryanmaxwell_1,westernwindwes
ryanmaxwell_1,c__wells
ryanmaxwell_1,heyits_toby
ryanmaxwell_1,laurabaeley
ryanmaxwell_1,jeannemccarthy0
prettylaraplace,jenn_abrams
c__wells,paolakinck
c__wells,hollydler
c__wells,heyits_toby
c__wells,westernwindwes
c__wells,micparrish
c__wells,hollandpatrickk
c__wells,mil0blake
c__wells,jeannemccarthy0
c__wells,happkendrahappy
c__wells,laurabaeley
c__wells,colbyst1
c__wells,mrclydepratt
c__wells,patriotblake
c__wells,logan_whatsup
evagreen69,hollandpatrickk
evagreen69,priceforpierce
evagreen69,evewebster373
evagreen69,evagreen69
evagreen69,heyits_toby
evagreen69,thefoundingson
evagreen69,jacquelinisbest
evagreen69,gab1aldana
evagreen69,westernwindwes
evagreen69,mil0blake
evagreen69,laurabaeley
hollandpatrickk,patriotraphael
hollandpatrickk,kelvin_chambers
hollandpatrickk,wadeharriot
hollandpatrickk,cassishere
hollandpatrickk,laurabaeley
hollandpatrickk,priceforpierce
hollandpatrickk,jeannemccarthy0
hollandpatrickk,heyits_toby
hollandpatrickk,mil0blake
hollandpatrickk,marissaimstrong
hollandpatrickk,westernwindwes
laurabaeley,laurabaeley
laurabaeley,hollydler
laurabaeley,priceforpierce
laurabaeley,mil0blake
laurabaeley,jeannemccarthy0
laurabaeley,heyits_toby
danageezus,loragreeen
danageezus,worldofhashtags
danageezus,curtisbigman
danageezus,amandavgreen
danageezus,jmscoxxx
danageezus,aiden7757
danageezus,bgarner2107
danageezus,charlesjharper
danageezus,cascaseyp
danageezus,priceforpierce
danageezus,dickyirwin
danageezus,brightandglory
danageezus,hellieedwards
danageezus,holycrapchrix
jeannemccarthy0,gab1aldana
jeannemccarthy0,melanymelanin
jeannemccarthy0,patriotraphael
jeannemccarthy0,logan_whatsup
jeannemccarthy0,patriotblake
jeannemccarthy0,heyits_toby
jeannemccarthy0,mil0blake
jeannemccarthy0,cassishere
jeannemccarthy0,jeannemccarthy0
thefoundingson,thefoundingson
thefoundingson,worldofhashtags
thefoundingson,cynthiamhunter
thefoundingson,finley1589
thefoundingson,jenn_abrams
thefoundingson,jarrardnorman
thefoundingson,rh0lbr00k
thefoundingson,kateritterrrr
thefoundingson,mil0blake
thefoundingson,wadeharriot
thefoundingson,hyddrox
adrienne_gg,worldofhashtags
jacquelinisbest,mil0blake
jacquelinisbest,patriotraphael
jacquelinisbest,patriotblake
priceforpierce,patriotraphael
priceforpierce,heyits_toby
priceforpierce,priceforpierce
priceforpierce,westernwindwes
priceforpierce,patriotblake
priceforpierce,mil0blake
priceforpierce,logan_whatsup
patriotraphael,mrclydepratt
patriotraphael,westernwindwes
patriotraphael,patriotblake
patriotraphael,heyits_toby
hollydler,patriototus
bleepthepolice,bleepthepolice
bleepthepolice,trayneshacole
gab1aldana,ilikebigbuttand
heyits_toby,heyits_toby
heyits_toby,logan_whatsup
heyits_toby,rh0lbr00k
heyits_toby,micparrish
heyits_toby,evewebster373
patriotblake,mil0blake
patriotblake,aldrich420
patriotblake,deusxyx
trayneshacole,trayneshacole
trayneshacole,drmichaelgarcia
hyddrox,hyddrox
mil0blake,deusxyx
mil0blake,mil0blake
mil0blake,_billy_moyer_
mil0blake,westernwindwes
jmscoxxx,ilikebigbuttand
ilikebigbuttand,amandavgreen
ilikebigbuttand,catelinewatkins
ilikebigbuttand,charlesjharper
worldofhashtags,holycrapchrix
worldofhashtags,curtisbigman
_billy_moyer_,westernwindwes
westernwindwes,riogithief
westernwindwes,westernwindwes
curtisbigman,holycrapchrix
happkendrahappy,jenn_abrams
johnbranchh,hiimkhloe
johnbranchh,melanymelanin
johnbranchh,willisbonnerr
johnbranchh,johnbranchh
hiimkhloe,melanymelanin
rh0lbr00k,jenn_abrams
brightandglory,calebpaar
brightandglory,hipppo_
melanymelanin,blackmattersus
melanymelanin,sincerepruitt
blackmattersus,jaydaastonishin
blackmattersus,mrclydepratt
pati_cooper,pati_cooper
cassishere,jenn_abrams
ramonasnails,crystal1johnson
crystal1johnson,paulinett
crystal1johnson,blmsoldier
jenn_abrams,aldrich420
jenn_abrams,j0hnlarsen
